0,0,0.209853,0.0171168,0.000521284,0.00012638,3.20E-08,1.64E-05,-5.01E-09
0,0,0.241545,0.0301235,0.00116941,0.000389342,2.57E-07,6.40E-05,-5.34E-08
0,0,0.234135,0.0268674,0.00121806,0.000405995,2.84E-07,6.59E-05,-2.48E-08
0,0,0.234467,0.0267675,0.00128333,0.000406691,2.92E-07,6.56E-05,-3.07E-08
0,0,0.246909,0.0325301,0.00138102,0.000476224,3.85E-07,8.56E-05,-3.25E-08
0,0,0.235288,0.0270621,0.00114905,0.000361855,2.31E-07,5.89E-05,-3.12E-08
0,0,0.24484,0.0319415,0.00102183,0.000366469,2.23E-07,6.49E-05,-1.85E-08
0,0,0.212281,0.0175594,0.00096581,0.000225505,1.05E-07,2.99E-05,-7.52E-09
0,0,0.254079,0.0355836,0.00136812,0.000486149,3.76E-07,7.74E-05,-1.26E-07
0,0,0.231021,0.0256187,0.00101011,0.000308961,1.67E-07,4.45E-05,-4.43E-08
0,0,0.266744,0.0409662,0.00242278,0.000871894,1.26E-06,0.000171358,-1.58E-07
0,0,0.198353,0.0121445,0.000696926,0.000123036,3.59E-08,1.36E-05,2.95E-09
0,0,0.211187,0.0172022,0.000826357,0.000133698,4.14E-08,1.48E-05,1.60E-08
0,0,0.265936,0.0408666,0.00230726,0.000804141,1.08E-06,0.00015606,1.58E-07
0,0,0.196665,0.0119228,0.000400625,5.47E-05,7.56E-09,5.06E-06,2.91E-09
0,0,0.226022,0.0223461,0.00135304,0.000294432,1.78E-07,3.96E-05,5.25E-08
0,0,0.186182,0.00801175,0.000347224,3.41E-05,3.44E-09,2.54E-06,1.39E-09
0,0,0.193116,0.0100692,0.000602245,7.99E-05,1.68E-08,7.44E-06,4.87E-09
0,0,0.25161,0.0340292,0.00178926,0.000570766,5.65E-07,9.80E-05,1.16E-07
0,0,0.26603,0.0401997,0.00258014,0.000908781,1.38E-06,0.000176841,1.82E-07
0,0,0.243194,0.0293289,0.00192751,0.000564659,5.76E-07,9.17E-05,1.23E-07
0,0,0.243806,0.0299407,0.00186937,0.000571205,5.83E-07,9.48E-05,9.39E-08
0,0,0.232113,0.0247004,0.00174452,0.000493938,4.56E-07,7.56E-05,5.16E-08
1,0,0.24791,0.0253365,0.00591117,0.00280351,1.14E-05,0.000442303,-1.89E-07
1,0,0.25559,0.024179,0.00988466,0.00447159,2.97E-05,0.000687809,-1.22E-06
1,0,0.233159,0.0238298,0.00221837,0.00124323,2.06E-06,0.000191744,6.56E-08
1,0,0.230286,0.0227862,0.00202224,0.000909436,1.23E-06,0.00013246,-2.58E-08
1,0,0.234246,0.0237317,0.00231331,0.00119558,1.99E-06,0.000179069,7.66E-09
1,0,0.24387,0.030164,0.00150336,0.00080541,8.86E-07,0.000135144,3.20E-09
1,0,0.262686,0.0421652,0.000104296,8.38E-05,7.83E-09,1.72E-05,-1.60E-10
1,0,0.231907,0.0245114,0.00178565,0.000778876,9.18E-07,0.000119567,3.70E-08
1,0,0.244425,0.0230243,0.0074895,0.00290829,1.35E-05,0.000438505,8.20E-07
1,0,0.242993,0.0230807,0.00665275,0.00246498,9.98E-06,0.000370733,1.69E-07
1,0,0.255105,0.028124,0.00726455,0.00321151,1.55E-05,0.000531965,4.10E-07
1,0,0.245725,0.0266072,0.00455459,0.00216233,6.78E-06,0.000343617,-2.01E-07
1,0,0.246553,0.0238054,0.00687837,0.00280212,1.23E-05,0.000430046,8.72E-08
1,0,0.24727,0.0272222,0.00517116,0.00249594,8.97E-06,0.000409251,1.18E-07
1,0,0.249148,0.0270112,0.00632052,0.00288107,1.23E-05,0.000473353,1.62E-07
1,0,0.258322,0.0183819,0.0121585,0.00212113,1.08E-05,0.000286729,3.82E-07
1,0,0.310407,0.0666165,0.00119355,0.000688642,6.22E-07,0.000150525,-5.13E-08
1,0,0.291175,0.0546013,0.000862899,0.000442948,2.74E-07,8.17E-05,-7.46E-09
1,0,0.289355,0.0535265,0.000845623,0.000427278,2.57E-07,7.57E-05,-9.93E-09
1,0,0.290306,0.0535888,0.000916128,0.000204828,8.11E-08,1.63E-05,-3.61E-08
1,0,0.316385,0.0690288,0.00172528,0.000258209,6.26E-08,-1.17E-05,-1.61E-07
1,0,0.270317,0.0412456,0.00226638,0.000817033,1.10E-06,0.000119455,-1.45E-07
1,0,0.265128,0.0392507,0.00155247,0.000563402,5.24E-07,8.01E-05,-5.54E-08
1,0,0.226209,0.0132669,0.00517114,0.0021847,7.34E-06,0.000250835,1.30E-07
1,0,0.221712,0.0125429,0.00470638,0.00188908,5.63E-06,0.000208649,-2.55E-07
1,0,0.226049,0.0135141,0.00544336,0.0021954,7.58E-06,0.000252779,-3.47E-07
1,0,0.23204,0.0125617,0.00823779,0.00270848,1.28E-05,0.000302765,-6.34E-07
1,0,0.224456,0.0114888,0.00629588,0.00208001,7.52E-06,0.000220842,-3.42E-07
1,0,0.216957,0.00593395,0.00626971,0.00163972,5.24E-06,0.000125688,-4.32E-07
1,0,0.215791,0.00889685,0.003891,0.00116369,2.48E-06,0.00010937,-4.17E-08
1,0,0.218498,0.00686554,0.00632196,0.00162435,5.20E-06,0.00013395,-2.10E-07
1,0,0.220266,0.0116291,0.0046368,0.00175314,4.98E-06,0.000188084,-3.74E-07
1,0,0.226001,0.0145837,0.00508446,0.00206475,6.68E-06,0.000243193,-4.22E-07
1,0,0.226429,0.0143083,0.00500324,0.00218026,7.19E-06,0.000257506,-3.58E-07
1,0,0.218813,0.0126846,0.00342856,0.00148454,3.33E-06,0.00016346,-3.54E-07
1,0,0.219518,0.0133813,0.00284066,0.00149917,3.07E-06,0.000168643,-3.71E-07
1,0,0.240832,0.0196285,0.00627252,0.00300069,1.30E-05,0.000413177,-8.40E-07
1,0,0.223431,0.0139095,0.00413877,0.00187639,5.23E-06,0.000213773,-1.16E-07
1,0,0.224993,0.0147823,0.00388087,0.00183081,4.88E-06,0.000216102,7.61E-08
1,0,0.222614,0.0131774,0.00435522,0.00200478,5.92E-06,0.000226447,-2.33E-07
1,0,0.212747,0.00745521,0.00500982,0.0012064,2.95E-06,0.000104162,3.40E-07
1,0,0.212677,0.00767373,0.00487517,0.00124338,3.06E-06,0.000108526,6.50E-08
1,0,0.22414,0.0106629,0.00617369,0.00220944,8.16E-06,0.000226771,-8.35E-08
1,0,0.221702,0.0139423,0.00363006,0.00162754,3.95E-06,0.000191183,-1.53E-07
1,0,0.216361,0.0125296,0.00316918,0.0014272,3.02E-06,0.000157872,-2.91E-07
1,0,0.22811,0.0170478,0.0036072,0.00182092,4.65E-06,0.000236703,-4.11E-07
1,0,0.223883,0.0148726,0.00232073,0.00138141,2.44E-06,0.000166466,-4.13E-07
1,0,0.221582,0.0147945,0.00246532,0.00135972,2.47E-06,0.000164436,-3.26E-07
1,0,0.229012,0.0172256,0.00298085,0.00169417,3.78E-06,0.000221863,-4.93E-07
1,0,0.233592,0.0163283,0.00553953,0.00289695,1.16E-05,0.000360295,-5.53E-07
2,1,0.262379,0.0325474,0.00136955,0.00121882,1.57E-06,0.000219818,-6.44E-08
2,1,0.251859,0.0252866,0.00057083,0.00105386,8.14E-07,0.000165727,7.28E-08
2,1,0.247688,0.0269331,0.000477705,0.0007369,4.37E-07,0.000120935,1.22E-09
2,1,0.248926,0.0270212,0.000438853,0.000655503,3.49E-07,0.000106517,4.28E-08
2,1,0.245975,0.0248482,0.000590511,0.000758454,5.08E-07,0.000118637,-6.34E-09
2,1,0.244065,0.0239719,0.0016155,0.00104126,1.35E-06,0.000159619,7.47E-08
2,1,0.266898,0.0308604,0.000133869,0.000917651,2.81E-07,0.000159247,1.57E-07
2,1,0.259792,0.0287117,0.000183475,0.000899978,3.64E-07,0.000152316,3.65E-08
2,1,0.258329,0.0287827,0.000747635,0.000998861,8.58E-07,0.000163498,9.15E-08
2,1,0.239967,0.0208384,1.91E-05,0.000384125,2.27E-08,5.51E-05,2.38E-08
2,1,0.259154,0.031205,4.28E-05,0.000423316,1.95E-08,7.30E-05,-5.35E-08
2,1,0.251003,0.0282692,2.26E-05,0.000299879,6.43E-09,4.84E-05,-2.38E-08
2,1,0.243351,0.0240727,6.40E-07,0.000359904,2.88E-09,5.58E-05,-4.64E-09
2,1,0.251232,0.0302048,0.000244421,0.000269866,6.44E-08,3.90E-05,-2.55E-08
2,1,0.249069,0.0293564,0.000272278,0.000482263,1.72E-07,8.04E-05,-2.85E-08
2,1,0.250715,0.0300612,0.000486609,0.000631687,3.49E-07,0.000106733,-2.96E-08
3,2,0.221293,0.00790046,0.0015108,0.000346601,1.16E-07,3.04E-05,2.22E-07
3,2,0.228736,0.0107012,0.00256907,7.55E-05,2.11E-08,5.40E-06,2.57E-08
3,2,0.222193,0.00944831,0.000890786,0.000205286,8.16E-09,1.99E-05,8.74E-08
3,2,0.228579,0.00903088,0.00119158,0.000501431,1.62E-07,4.76E-05,3.52E-07
3,2,0.215475,0.00422467,0.0014203,0.000341423,3.69E-08,2.08E-05,2.35E-07
3,2,0.226433,0.00842477,0.00141298,0.000652483,3.61E-07,5.89E-05,5.12E-07
3,2,0.21759,0.00546858,0.00122526,0.000536339,2.40E-07,3.70E-05,3.62E-07
3,2,0.221151,0.00524461,0.00117936,0.000419284,-4.07E-08,2.91E-05,2.92E-07
3,2,0.220369,0.00423842,0.00158903,0.000519422,3.26E-08,3.24E-05,4.71E-07
3,2,0.21218,0.00377003,0.00107942,0.000413228,7.59E-08,2.48E-05,2.65E-07
3,2,0.222658,0.0042606,0.00086783,0.000584633,1.92E-07,3.56E-05,3.70E-07
3,2,0.21999,0.00503213,0.000579815,0.000446947,4.84E-08,3.07E-05,2.22E-07
3,2,0.231307,0.00417557,0.00118462,0.000720189,9.00E-08,4.53E-05,6.59E-07
3,2,0.225329,0.00423601,0.00132802,0.000487963,1.85E-10,2.69E-05,3.93E-07
3,2,0.216137,0.00402748,0.000341772,0.000519189,7.02E-08,2.99E-05,2.07E-07
3,2,0.219169,0.00632,0.000338043,0.000492165,9.49E-08,3.89E-05,1.77E-07
3,2,0.217268,0.00533661,0.000320657,0.000389959,3.17E-08,2.83E-05,1.34E-07
3,2,0.254699,0.017479,0.00238394,0.000372513,1.71E-07,3.82E-05,3.07E-07
3,2,0.255244,0.0172906,0.00275322,0.000253774,1.08E-07,2.37E-05,1.82E-07
3,2,0.252474,0.0165051,0.00289919,0.000149103,5.19E-08,1.26E-05,8.32E-08
3,2,0.256508,0.0187009,0.00323291,0.000140018,8.20E-08,7.27E-06,4.63E-08
3,2,0.265745,0.0201408,0.0038891,0.000171792,9.97E-08,1.36E-05,9.89E-08
3,2,0.253242,0.0155506,0.00257959,0.000355019,4.64E-08,3.93E-05,3.37E-07
3,2,0.244473,0.0133239,0.00154828,0.000774097,3.31E-07,8.71E-05,7.80E-07
3,2,0.244462,0.0125796,0.00194282,0.000875992,5.45E-07,9.48E-05,1.00E-06
3,2,0.23471,0.0101511,0.00153047,0.000656118,2.50E-07,6.37E-05,6.08E-07
3,2,0.238459,0.0118806,0.00130048,0.000706614,2.53E-07,7.55E-05,6.28E-07
3,2,0.242618,0.0132837,0.0014191,0.000851085,4.72E-07,9.49E-05,8.07E-07
3,2,0.237626,0.0111429,0.00154013,0.000633515,2.61E-07,6.48E-05,5.69E-07
3,2,0.245522,0.0133629,0.00191517,0.000787701,5.77E-07,8.40E-05,7.77E-07
3,2,0.24273,0.0135175,0.00181298,0.000723078,5.33E-07,7.74E-05,6.34E-07
3,2,0.245892,0.0174728,0.00133002,0.000206053,1.04E-08,2.49E-05,1.07E-07
3,2,0.241546,0.0157162,0.0015104,0.000118147,-4.39E-10,1.35E-05,4.99E-08
3,2,0.240123,0.0151703,0.00140314,9.01E-05,-1.07E-08,1.06E-05,3.02E-08
3,2,0.242429,0.0156866,0.00162762,0.000108616,-9.88E-09,1.28E-05,4.46E-08
3,2,0.237019,0.0118928,0.00154249,0.00045187,-2.20E-08,4.84E-05,3.77E-07
3,2,0.250593,0.0180948,0.00203392,0.000102969,-9.96E-10,1.23E-05,4.71E-08
3,2,0.239566,0.0119571,0.00158081,0.000537117,-1.26E-08,5.75E-05,4.95E-07
3,2,0.249017,0.0177956,0.00187661,0.000128562,1.27E-09,1.51E-05,6.31E-08
3,2,0.248189,0.0179476,0.00184787,8.99E-05,-4.24E-09,1.08E-05,3.64E-08
3,2,0.247204,0.0173278,0.00167314,0.000132088,-1.13E-08,1.61E-05,6.11E-08
3,2,0.24563,0.0172744,0.00194836,6.77E-05,4.42E-09,7.30E-06,2.42E-08
3,2,0.24436,0.0171543,0.001915,2.81E-05,-9.66E-10,3.17E-06,6.44E-09
3,2,0.244364,0.0168645,0.00182367,5.83E-05,-1.03E-09,6.60E-06,1.90E-08
3,2,0.244917,0.0173353,0.00151397,9.24E-05,-5.61E-09,1.12E-05,3.41E-08
3,2,0.249539,0.0178372,0.00187539,7.10E-05,-8.57E-09,8.90E-06,2.45E-08
3,2,0.232433,0.013967,0.00135046,0.000161482,5.07E-08,1.22E-05,5.58E-08
3,2,0.234232,0.0142385,0.00158188,0.00018596,7.31E-08,1.34E-05,6.95E-08
3,2,0.235211,0.0154564,0.00155105,0.000162125,7.32E-08,7.77E-06,3.53E-08
3,2,0.224177,0.0105893,0.00106494,0.000430094,1.83E-07,3.75E-05,2.27E-07
3,2,0.220714,0.00879491,0.000996073,0.000378171,1.00E-07,3.10E-05,2.09E-07
3,2,0.2234,0.00931357,0.0011098,0.000425877,1.59E-07,3.74E-05,2.46E-07
3,2,0.230307,0.00613793,0.00276919,0.000437508,2.52E-09,3.40E-05,4.82E-07
3,2,0.229432,0.00611188,0.00232912,0.000491016,-5.17E-09,3.84E-05,5.25E-07
3,2,0.233437,0.00679636,0.00281479,0.000491591,2.91E-09,4.05E-05,5.78E-07
3,2,0.229438,0.00581611,0.0026687,0.000383387,-7.92E-08,2.92E-05,3.80E-07
3,2,0.227575,0.00601012,0.0021193,0.000415533,-6.15E-08,3.22E-05,3.85E-07
3,2,0.232331,0.00704458,0.00256791,0.000358338,-7.04E-08,3.01E-05,3.36E-07
3,2,0.227833,0.00697542,0.00220838,0.000280533,-4.25E-08,2.34E-05,2.17E-07
3,2,0.227614,0.00663346,0.00235968,0.000311423,-5.24E-08,2.53E-05,2.62E-07
3,2,0.233535,0.00769536,0.00290322,0.000357256,3.21E-08,3.06E-05,3.62E-07
3,2,0.233643,0.00749438,0.00268184,0.000380133,-2.91E-08,3.28E-05,3.83E-07
3,2,0.235447,0.00717435,0.00305459,0.000385369,-7.10E-08,3.26E-05,4.12E-07
3,2,0.228254,0.00711297,0.00229899,0.000323598,-1.35E-08,2.70E-05,2.79E-07
3,2,0.230781,0.00755309,0.00252112,0.000350635,2.72E-08,3.00E-05,3.29E-07
3,2,0.23075,0.00808202,0.00219459,0.000231246,-4.52E-08,2.07E-05,1.58E-07
3,2,0.238359,0.00966907,0.00242285,0.000339014,-2.25E-08,3.31E-05,3.06E-07
3,2,0.232333,0.00827084,0.00222517,0.000287799,-1.22E-08,2.60E-05,2.30E-07
3,2,0.233762,0.00855131,0.00246449,0.000300751,-3.03E-08,2.76E-05,2.57E-07
3,2,0.233137,0.009275,0.00236311,0.000249198,1.24E-08,2.34E-05,1.91E-07
3,2,0.23595,0.00973559,0.00204468,0.000298167,-7.98E-10,2.88E-05,2.33E-07
3,2,0.23795,0.0100199,0.00279065,0.000237539,2.56E-08,2.24E-05,1.92E-07
3,2,0.223205,0.00562143,0.00190311,0.000370526,-6.92E-08,2.78E-05,3.03E-07
4,3,0.223454,0.0137111,0.000847318,5.86E-05,1.09E-08,3.35E-06,-7.27E-09
4,3,0.214553,0.0100929,0.000628435,7.46E-05,8.50E-09,5.57E-06,-1.37E-08
4,3,0.214606,0.00910172,0.000504561,7.29E-05,2.09E-09,5.71E-06,-1.38E-08
4,3,0.222645,0.0141203,0.000256327,0.000106103,-1.34E-09,1.16E-05,-1.74E-08
4,3,0.220239,0.0135221,0.000249717,8.75E-05,2.13E-09,8.65E-06,-1.28E-08
4,3,0.211347,0.0113857,0.000300503,5.27E-05,4.99E-09,3.52E-06,-4.38E-09
4,3,0.212593,0.0120267,0.000262098,5.47E-05,4.25E-09,4.43E-06,-4.97E-09
4,3,0.226392,0.0138875,0.000224169,0.000130555,-6.79E-09,1.49E-05,-2.13E-08
4,3,0.219748,0.0134555,0.00031219,8.83E-05,8.04E-09,8.06E-06,-1.23E-08
4,3,0.215259,0.0117769,0.000202731,7.68E-05,1.05E-09,7.46E-06,-9.52E-09
4,3,0.216889,0.012596,0.000365046,5.83E-05,2.63E-09,4.99E-06,-8.08E-09
4,3,0.219948,0.0114934,0.000484115,8.10E-05,-6.60E-10,7.54E-06,-1.60E-08
4,3,0.208231,0.0102572,0.000634653,2.59E-05,3.32E-09,1.18E-07,-1.97E-10
4,3,0.207221,0.00393607,0.000952574,9.36E-05,-6.24E-09,5.57E-06,-2.72E-08
4,3,0.206364,0.00473048,0.000768891,9.18E-05,1.62E-09,5.58E-06,-2.44E-08
4,3,0.195899,0.00369953,0.000771907,2.07E-05,1.83E-09,6.35E-07,-1.87E-09
4,3,0.215227,0.00668215,0.000349261,0.000187579,-1.80E-08,1.50E-05,-4.45E-08
5,4,0.20478,0.00369874,0.000169787,0.000116112,-6.24E-09,6.21E-06,1.51E-08
5,4,0.206083,0.00356128,7.22E-05,0.000126668,-4.88E-09,6.58E-06,1.11E-08
5,4,0.203646,0.00384631,2.02E-05,0.000113068,-1.97E-09,6.28E-06,5.03E-09
5,4,0.202921,0.00281208,2.26E-05,0.000119016,-5.93E-09,5.58E-06,-1.71E-09
5,4,0.203369,0.00354523,0.000100139,0.000117734,-4.27E-09,6.50E-06,1.20E-08
5,4,0.207956,0.00327017,2.68E-05,0.000178634,-6.62E-09,9.02E-06,1.04E-08
5,4,0.210144,0.00396203,8.24E-05,0.000185024,-3.20E-09,1.06E-05,2.26E-08
5,4,0.210219,0.00352381,0.000105767,0.000187864,-8.54E-09,1.02E-05,2.51E-08
5,4,0.207186,0.00281158,6.48E-05,0.000158923,-7.82E-09,7.93E-06,1.41E-08
5,4,0.206875,0.00191902,0.000291653,0.000128582,-1.73E-08,4.54E-06,1.79E-08
5,4,0.212317,0.00382395,0.000388949,0.000117404,-1.02E-08,6.69E-06,2.29E-08
5,4,0.208846,0.00367653,4.69E-05,0.000203743,-1.13E-08,1.08E-05,1.64E-08
5,4,0.208159,0.00326073,0.00034457,0.000138436,-8.97E-09,6.26E-06,2.89E-08
6,2,0.241225,0.0221184,0.000315649,0.000145543,-1.29E-08,2.07E-05,-2.84E-08
6,2,0.238692,0.0218555,0.00025466,9.93E-05,-1.13E-08,1.42E-05,-1.10E-08
6,2,0.239681,0.0215949,0.000220841,0.000168753,-5.60E-09,2.27E-05,-3.21E-08
6,2,0.240705,0.0203429,0.000351094,0.000186401,-1.86E-08,2.46E-05,-4.39E-08
6,2,0.238333,0.0212251,0.000375168,0.000153578,6.01E-09,1.90E-05,-3.64E-08
6,2,0.242286,0.021838,0.000493056,0.000146739,-2.88E-09,1.80E-05,-3.94E-08
6,2,0.239929,0.020979,0.000400345,0.0001548,-6.72E-09,2.00E-05,-3.79E-08
6,2,0.241329,0.0215786,0.000455653,0.000116235,-3.58E-09,1.51E-05,-2.65E-08
6,2,0.242748,0.0216754,0.000436897,0.000140915,-1.18E-08,1.91E-05,-3.29E-08
6,2,0.241539,0.0213565,0.000627713,0.000140873,1.12E-08,1.62E-05,-4.04E-08
6,2,0.242613,0.0217371,0.000489289,0.000106651,-2.81E-09,1.32E-05,-2.42E-08
6,2,0.241065,0.0214975,0.00061854,9.17E-05,2.71E-09,1.04E-05,-2.17E-08
6,2,0.239375,0.020585,0.000651011,8.30E-05,8.99E-10,9.30E-06,-1.93E-08
6,2,0.240087,0.0206729,0.00055014,0.000103554,-3.48E-10,1.20E-05,-2.47E-08
6,2,0.234543,0.0172758,0.00050395,0.000142107,-3.87E-09,1.64E-05,-3.78E-08
6,2,0.238366,0.0186942,0.000508487,0.000173494,-1.62E-08,2.21E-05,-4.89E-08
6,2,0.239965,0.0184571,0.000654153,0.000160859,-1.68E-08,2.00E-05,-4.94E-08
6,2,0.225205,0.0185506,0.000122893,4.20E-05,-2.94E-09,5.69E-06,6.88E-10
6,2,0.223202,0.0186329,2.14E-05,6.35E-05,-2.21E-09,8.62E-06,-7.47E-10
6,2,0.221375,0.0142121,2.76E-05,0.000157577,-1.99E-09,1.84E-05,-1.02E-08
6,2,0.23083,0.018933,2.85E-05,0.000139538,-6.15E-09,1.92E-05,6.29E-09
6,2,0.232951,0.0194495,1.82E-05,0.000141096,-6.83E-09,1.97E-05,2.10E-09
6,2,0.219695,0.0173668,1.48E-05,6.52E-05,-1.88E-09,8.57E-06,-7.59E-10
6,2,0.216345,0.0140629,2.50E-05,9.45E-05,-3.97E-09,1.12E-05,-2.30E-09
6,2,0.220496,0.0178613,4.60E-05,3.38E-05,-1.30E-09,4.51E-06,-3.09E-10
6,2,0.21584,0.0146086,0.000100734,7.84E-05,-9.69E-10,9.22E-06,-6.90E-09
6,2,0.21939,0.0154779,7.37E-05,0.000101548,2.43E-10,1.23E-05,-8.78E-09
6,2,0.219039,0.0145748,0.000102735,8.88E-05,-5.82E-09,1.06E-05,-6.17E-09
6,2,0.22287,0.0162326,4.89E-05,0.000116463,-5.05E-09,1.47E-05,-7.19E-09
6,2,0.218831,0.0147564,9.40E-05,8.91E-05,-1.47E-09,1.03E-05,-8.02E-09
6,2,0.255292,0.0235102,0.000403461,0.00046975,-1.25E-08,6.43E-05,-2.04E-07
6,2,0.253383,0.0223408,0.000411044,0.000415936,-6.56E-08,5.87E-05,-1.59E-07
6,2,0.251922,0.0216204,0.000354668,0.000431848,-6.41E-08,5.95E-05,-1.56E-07
6,2,0.251319,0.0211435,0.000532896,0.000412986,-2.33E-08,5.30E-05,-1.92E-07
6,2,0.254737,0.0230294,0.00047286,0.000419151,-2.15E-08,5.70E-05,-1.85E-07
6,2,0.243465,0.017336,0.000364981,0.000497096,3.69E-08,6.02E-05,-2.08E-07
6,2,0.251399,0.0197469,0.000237232,0.00059853,3.06E-08,7.78E-05,-2.23E-07
6,2,0.248835,0.0193873,0.000104352,0.000625621,2.76E-08,8.39E-05,-1.57E-07
6,2,0.249987,0.0201664,0.000279473,0.000509785,1.30E-08,6.64E-05,-1.92E-07
6,2,0.252286,0.0200235,0.000186654,0.000584628,-1.32E-08,7.82E-05,-1.93E-07
6,2,0.247629,0.0184434,0.000157675,0.000538716,-5.34E-08,7.10E-05,-1.48E-07
6,2,0.247759,0.0183071,0.000423474,0.000437622,9.68E-09,5.25E-05,-1.88E-07
6,2,0.241689,0.0181191,0.00018337,0.000370484,-1.67E-08,4.72E-05,-9.51E-08
7,2,0.230869,0.0157812,0.000927265,0.000352605,1.45E-07,4.02E-05,-1.40E-07
7,2,0.225738,0.0132758,0.000549593,0.000328196,6.12E-08,3.67E-05,-1.25E-07
7,2,0.235779,0.0166579,0.000614004,0.000441569,1.17E-07,5.58E-05,-1.98E-07
7,2,0.225574,0.0133684,0.00088545,0.000343077,1.25E-07,3.57E-05,-1.42E-07
7,2,0.226816,0.0146341,0.000792937,0.000654557,4.35E-07,7.65E-05,-1.83E-07
7,2,0.227392,0.0118568,0.00123974,0.000584485,3.77E-07,6.26E-05,-3.25E-07
7,2,0.228455,0.0124761,0.00130435,0.000598164,3.94E-07,6.59E-05,-3.52E-07
7,2,0.224411,0.016125,0.000591541,0.000307271,1.16E-07,3.41E-05,-6.05E-08
7,2,0.222311,0.0123651,0.000892443,0.000404855,1.65E-07,4.44E-05,-1.79E-07
7,2,0.227972,0.0145564,0.00110002,0.000595179,4.13E-07,6.98E-05,-2.48E-07
7,2,0.229896,0.0143566,0.00111632,0.000560623,3.51E-07,6.61E-05,-2.71E-07
7,2,0.227445,0.014675,0.000930008,0.00048143,2.69E-07,5.59E-05,-1.78E-07
7,2,0.226186,0.0157118,0.000377049,0.000185976,1.14E-08,2.27E-05,-4.79E-08
7,2,0.231796,0.0179317,0.000467352,0.000208857,2.96E-08,2.70E-05,-5.82E-08
7,2,0.231187,0.0174031,0.000577681,0.000104781,3.55E-09,1.30E-05,-2.55E-08
7,2,0.231207,0.0161581,0.000502281,0.00013827,-1.26E-08,1.74E-05,-3.42E-08
7,2,0.239106,0.0180025,0.000441209,0.000339872,-2.27E-08,4.40E-05,-1.30E-07
7,2,0.23748,0.0187492,0.000369247,0.000283067,4.99E-09,3.73E-05,-9.14E-08
7,2,0.275121,0.00842678,0.0039657,0.000239584,2.18E-07,-9.38E-08,8.37E-08
7,2,0.274514,0.00863922,0.00324281,0.000436462,5.14E-07,1.37E-05,7.65E-08
7,2,0.240446,0.0182989,0.000456757,0.000253765,-2.63E-08,3.35E-05,-8.23E-08
7,2,0.235292,0.0155303,0.000670858,0.000277282,2.02E-08,3.21E-05,-1.18E-07
7,2,0.238433,0.0196261,0.00037927,0.000167535,-3.50E-09,2.15E-05,-4.21E-08
7,2,0.234086,0.0152076,0.000244907,0.00025094,-4.18E-08,3.09E-05,-4.61E-08
7,2,0.235824,0.0154757,0.000324373,0.000346623,-1.53E-08,4.30E-05,-1.15E-07
7,2,0.242079,0.0061491,0.00130303,0.000370549,1.66E-07,2.81E-05,-1.97E-07
7,2,0.25615,0.0160711,0.00152185,0.000266724,-1.04E-07,3.37E-05,-1.35E-07
7,2,0.258722,0.017019,0.00162328,0.000284952,-9.65E-08,3.69E-05,-1.68E-07
7,2,0.244614,0.00863291,0.00226293,0.000533423,-1.40E-07,4.86E-05,-5.69E-07
7,2,0.247687,0.00904088,0.00223402,0.000658726,-6.19E-08,6.11E-05,-7.97E-07
7,2,0.248282,0.00998359,0.00194935,0.000670967,1.36E-08,6.54E-05,-7.67E-07
7,2,0.243304,0.00767372,0.00264923,0.000508709,-1.25E-07,4.38E-05,-5.77E-07
7,2,0.259772,0.0159616,0.00223114,0.000273072,-9.73E-08,3.41E-05,-1.90E-07
7,2,0.261219,0.0161976,0.00173536,0.000328051,-2.15E-07,4.13E-05,-1.23E-07
7,2,0.24979,0.0141481,0.00176585,0.000282613,-7.92E-08,3.33E-05,-1.83E-07
7,2,0.252161,0.0149114,0.00177333,0.000184101,-7.95E-08,2.24E-05,-6.89E-08
7,2,0.258522,0.0158405,0.00201741,0.000251452,-1.44E-07,3.12E-05,-1.07E-07
7,2,0.2566,0.0157967,0.0018874,0.00030516,-1.42E-07,3.83E-05,-1.83E-07
7,2,0.255795,0.0164659,0.00138951,0.000235653,-1.15E-07,2.98E-05,-7.00E-08
7,2,0.258327,0.0159372,0.00216666,0.000287777,-1.51E-07,3.63E-05,-1.70E-07
7,2,0.257983,0.0175569,0.00160878,0.000189014,-8.87E-08,2.47E-05,-5.48E-08
7,2,0.258219,0.016903,0.00151204,0.000250754,-1.34E-07,3.19E-05,-7.75E-08
7,2,0.255396,0.0175656,0.00141727,0.000243807,-8.33E-08,3.23E-05,-1.17E-07
7,2,0.253201,0.0112523,0.00218056,0.000538412,-2.45E-07,5.70E-05,-5.29E-07
7,2,0.237701,0.00506252,0.00158892,0.000736199,-2.85E-07,5.05E-05,-7.44E-07
7,2,0.239801,0.00472765,0.00212844,0.00078712,-2.69E-07,5.23E-05,-9.83E-07
7,2,0.239034,0.00620378,0.0013638,0.000804024,-1.81E-07,6.23E-05,-8.22E-07
7,2,0.245002,0.00771213,0.00151872,0.000902117,3.24E-08,7.91E-05,-1.06E-06
7,2,0.241713,0.00671246,0.00175112,0.000694958,-1.40E-07,5.66E-05,-7.54E-07
7,2,0.248599,0.00724249,0.00202592,0.00100594,1.06E-07,8.55E-05,-1.43E-06
7,2,0.246732,0.00700825,0.00303041,0.00110337,7.36E-07,9.22E-05,-1.88E-06
7,2,0.240947,0.00556387,0.00209695,0.000958457,1.34E-07,7.12E-05,-1.35E-06
7,2,0.242963,0.00563944,0.00266962,0.000959967,2.22E-07,7.19E-05,-1.52E-06
7,2,0.242788,0.00558023,0.00290179,0.000997044,2.35E-07,7.41E-05,-1.68E-06
7,2,0.249631,0.00629621,0.00263019,0.0011082,8.18E-08,8.67E-05,-1.89E-06
7,2,0.245571,0.0052952,0.00229841,0.00102437,-7.92E-09,7.42E-05,-1.57E-06
7,2,0.241169,0.00494525,0.00403865,0.000689463,-1.76E-07,4.29E-05,-1.14E-06
7,2,0.242323,0.00679311,0.00436538,0.000496109,1.70E-07,4.05E-05,-7.10E-07
7,2,0.240489,0.00616891,0.00340324,0.000357978,-2.22E-07,2.73E-05,-3.27E-07
7,2,0.235722,0.00568082,0.00339082,0.000282474,-1.28E-07,2.08E-05,-2.45E-07
7,2,0.237551,0.00673335,0.00262011,0.000406018,-1.43E-07,3.28E-05,-3.94E-07
7,2,0.238066,0.0047321,0.00332528,0.00045929,-2.64E-07,3.07E-05,-5.02E-07
7,2,0.256315,0.000865471,0.00506987,0.000467448,-1.95E-07,4.25E-06,-6.93E-07
7,2,0.241147,0.00446726,0.00416842,0.000378823,-2.02E-07,2.49E-05,-4.31E-07
7,2,0.240396,0.00436267,0.00386468,0.000437356,-3.03E-07,2.69E-05,-4.81E-07
7,2,0.241523,0.00240851,0.00367686,0.000677515,-4.35E-07,2.50E-05,-9.77E-07
7,2,0.235391,0.00447796,0.00295081,0.000415205,-1.90E-07,2.64E-05,-4.18E-07
7,2,0.232568,0.00436032,0.00253737,0.000421078,-1.31E-07,2.69E-05,-4.15E-07
7,2,0.23057,0.00467259,0.00264159,0.000454991,5.43E-09,3.10E-05,-4.99E-07
7,2,0.231407,0.00458865,0.00236344,0.000418931,-1.00E-07,2.79E-05,-4.05E-07
7,2,0.228069,0.00593779,0.00215481,0.000401596,5.83E-08,3.08E-05,-3.69E-07
7,2,0.230917,0.00636455,0.00240553,0.000430217,1.09E-07,3.41E-05,-4.24E-07
7,2,0.248382,0.00122197,0.00441755,0.000416057,-3.40E-07,-2.55E-06,-4.50E-07
8,2,0.262807,0.00874895,0.0045611,0.000911555,-8.67E-07,7.97E-05,-1.64E-06
8,2,0.262454,0.00851337,0.00449567,0.000960592,-1.04E-06,8.38E-05,-1.71E-06
8,2,0.250733,0.008274,0.0040287,0.000636803,-6.83E-07,5.74E-05,-7.58E-07
8,2,0.250043,0.00708858,0.00484307,0.000654669,-6.03E-07,5.35E-05,-9.98E-07
8,2,0.252518,0.0098086,0.00423431,0.00063719,-3.06E-07,6.00E-05,-1.00E-06
8,2,0.249399,0.00867021,0.00395982,0.000667007,-5.20E-07,6.04E-05,-9.51E-07
8,2,0.264012,0.0155389,0.00374634,0.000351914,-2.71E-07,4.34E-05,-3.00E-07
8,2,0.249131,0.00828525,0.00415846,0.00066722,-5.02E-07,5.89E-05,-9.91E-07
8,2,0.255699,0.00799229,0.00513895,0.000869176,-2.65E-10,6.87E-05,-1.84E-06
8,2,0.272086,0.0145855,0.00459617,0.000524786,-4.91E-07,6.19E-05,-6.51E-07
8,2,0.263155,0.00835103,0.00526262,0.000981513,-8.29E-07,8.48E-05,-2.07E-06
8,2,0.275424,0.014498,0.00473001,0.00065042,-8.02E-07,7.71E-05,-8.11E-07
8,2,0.264452,0.0086559,0.00533714,0.0011556,-6.86E-07,9.83E-05,-2.79E-06
8,2,0.268649,0.00932389,0.00598149,0.00116836,-6.99E-07,0.000106504,-3.01E-06
8,2,0.262502,0.00862269,0.00502457,0.000941311,-1.09E-06,8.42E-05,-1.73E-06
8,2,0.266564,0.00842285,0.00556255,0.0011115,-1.30E-06,9.69E-05,-2.44E-06
8,2,0.269873,0.00963315,0.00510663,0.00115114,-1.22E-06,0.000105245,-2.51E-06
8,2,0.26816,0.010089,0.00490027,0.00128407,-1.09E-06,0.000122916,-3.03E-06
8,2,0.259097,0.00854451,0.00463291,0.000885765,-8.58E-07,7.84E-05,-1.58E-06
8,2,0.256981,0.0102418,0.00414605,0.000626786,-5.62E-07,6.23E-05,-8.40E-07
8,2,0.2528,0.00994667,0.00377295,0.000539506,-4.07E-07,5.26E-05,-6.53E-07
8,2,0.248328,0.00965222,0.00333809,0.000443683,-3.93E-07,4.32E-05,-3.70E-07
8,2,0.248348,0.00964281,0.00355422,0.000463487,-3.75E-07,4.51E-05,-4.62E-07
8,2,0.246559,0.00814917,0.00559911,0.000209726,-5.58E-08,1.73E-05,-2.20E-07
8,2,0.252914,0.00954163,0.00610648,0.00032927,-1.54E-07,3.10E-05,-4.41E-07
8,2,0.247726,0.00881761,0.00524043,0.000216799,-1.63E-07,2.03E-05,-1.64E-07
8,2,0.249203,0.00857092,0.0061708,0.000169805,-1.06E-07,1.56E-05,-1.38E-07
8,2,0.251197,0.00960603,0.00593882,0.000130962,-8.97E-08,1.28E-05,-7.27E-08
8,2,0.241694,0.00425541,0.00639519,0.000495878,-2.34E-07,3.11E-05,-8.51E-07
8,2,0.237808,0.00406291,0.00619701,0.000471029,-1.34E-07,2.81E-05,-7.93E-07
8,2,0.241647,0.00459883,0.00624174,0.000551854,-3.37E-07,3.66E-05,-9.67E-07
8,2,0.240365,0.0045607,0.00651161,0.000561065,-6.01E-08,3.49E-05,-1.07E-06
8,2,0.24042,0.00487041,0.00584859,0.000545675,-3.83E-08,3.45E-05,-9.74E-07
8,2,0.237688,0.00488313,0.00605882,0.000627421,3.16E-07,3.81E-05,-1.18E-06
8,2,0.256538,0.0101924,0.00674189,0.000301637,-4.89E-08,2.75E-05,-4.27E-07
8,2,0.252209,0.0110029,0.00515468,0.000273097,-8.81E-08,2.60E-05,-3.12E-07
8,2,0.254558,0.0116906,0.00605408,0.000270839,4.03E-08,2.42E-05,-3.44E-07
8,2,0.25409,0.0112291,0.0060817,0.000237628,3.57E-09,2.11E-05,-2.86E-07
8,2,0.249647,0.00999631,0.00546368,0.000326607,-3.40E-08,2.88E-05,-4.35E-07
8,2,0.254846,0.0111141,0.00618937,0.000212245,7.23E-09,1.80E-05,-2.43E-07
8,2,0.253601,0.0113137,0.00551929,0.00025062,-1.33E-08,2.29E-05,-2.94E-07
8,2,0.255306,0.0116558,0.00618692,0.000231912,2.61E-08,2.06E-05,-2.77E-07
8,2,0.258259,0.0110885,0.0064937,0.000390258,7.78E-08,3.40E-05,-6.16E-07
8,2,0.255936,0.0113207,0.00606059,0.000307441,-2.85E-08,2.90E-05,-4.19E-07
8,2,0.252422,0.0110873,0.00570631,0.000214667,-4.44E-08,2.04E-05,-2.33E-07
8,2,0.251897,0.0112407,0.00581264,0.000278755,-2.87E-08,2.66E-05,-3.54E-07
8,2,0.224955,0.0112558,0.00132191,8.88E-05,-3.03E-08,9.19E-06,-1.98E-09
8,2,0.227128,0.0123481,0.00140269,0.000106514,-2.54E-08,1.17E-05,-3.24E-08
8,2,0.224819,0.0109986,0.00139248,0.000119869,-4.38E-08,1.26E-05,-2.18E-08
8,2,0.226718,0.0107974,0.00141755,0.00013543,-5.92E-08,1.38E-05,-4.05E-09
8,2,0.225532,0.0110511,0.0013218,0.00012593,-4.86E-08,1.32E-05,-1.66E-08
8,2,0.222238,0.0108843,0.00122612,9.14E-05,-2.53E-08,9.46E-06,-1.72E-08
8,2,0.218909,0.00941667,0.00117329,9.17E-05,-2.88E-08,8.88E-06,-8.89E-09
8,2,0.221413,0.0105422,0.00106011,0.000125922,-3.89E-08,1.29E-05,-2.45E-08
8,2,0.221537,0.0104788,0.00113412,0.000135383,-3.42E-08,1.37E-05,-4.06E-08
8,2,0.22014,0.00923483,0.00129637,9.69E-05,-3.37E-08,8.73E-06,6.81E-09
8,2,0.221022,0.00971244,0.00112679,0.000135054,-5.21E-08,1.31E-05,-8.15E-09
8,2,0.221325,0.010185,0.00119938,0.00012732,-4.06E-08,1.28E-05,-2.88E-08
8,2,0.225131,0.00927291,0.00162112,0.000196224,-8.78E-08,1.89E-05,-6.73E-08
8,2,0.222237,0.00997563,0.00143124,0.000140209,-4.11E-08,1.40E-05,-4.75E-08
8,2,0.219218,0.00969878,0.00126,8.76E-05,-2.71E-08,8.61E-06,-1.07E-08
8,2,0.220259,0.00942622,0.00128649,0.000120636,-4.32E-08,1.17E-05,-1.99E-08
8,2,0.217329,0.00927284,0.0012103,0.000107261,-2.81E-08,1.02E-05,-2.65E-08
8,2,0.22106,0.00903354,0.00142274,0.00016208,-5.07E-08,1.52E-05,-5.90E-08
8,2,0.223503,0.00923012,0.00158062,0.000188002,-6.43E-08,1.78E-05,-7.98E-08
8,2,0.222861,0.0091803,0.00155646,0.000176997,-5.91E-08,1.67E-05,-7.17E-08
8,2,0.220582,0.00931283,0.00155698,0.000135367,-3.42E-08,1.27E-05,-5.19E-08
8,2,0.230758,0.0137993,0.00126534,5.62E-05,-1.48E-08,6.50E-06,-2.43E-09
8,2,0.22466,0.00944434,0.00165024,0.000201125,-4.92E-08,1.88E-05,-1.05E-07
8,2,0.220446,0.0100584,0.00120023,0.000149624,-2.73E-08,1.45E-05,-5.72E-08
8,2,0.220735,0.00940361,0.00126034,0.000211931,-3.35E-08,1.95E-05,-1.04E-07
8,2,0.230581,0.0134705,0.00130594,6.50E-05,-1.71E-08,7.54E-06,-8.19E-09
8,2,0.231093,0.014217,0.00129868,5.35E-05,-1.20E-08,6.37E-06,-7.38E-09
8,2,0.219582,0.00900511,0.00148361,0.000150716,-2.64E-08,1.37E-05,-6.62E-08
8,2,0.230031,0.0148911,0.00113711,4.42E-05,-8.23E-09,5.39E-06,-5.50E-09
8,2,0.227959,0.0146344,0.0010757,3.59E-05,-3.67E-09,4.14E-06,-6.01E-09
8,2,0.231274,0.0146835,0.00111049,9.19E-05,-1.70E-08,1.09E-05,-2.40E-08
8,2,0.230967,0.013843,0.0011394,7.74E-05,-2.19E-08,9.09E-06,-7.09E-09
8,2,0.232358,0.0145598,0.00118442,8.23E-05,-2.16E-08,9.92E-06,-1.39E-08
8,2,0.228578,0.0137679,0.00109992,7.78E-05,-1.54E-08,9.04E-06,-1.68E-08
8,2,0.230747,0.0144398,0.00123147,5.82E-05,-1.03E-08,6.89E-06,-1.16E-08
8,2,0.218422,0.010663,0.00126847,0.000187822,3.28E-08,1.61E-05,-8.56E-08
8,2,0.230147,0.0136366,0.0012541,7.80E-05,-1.87E-08,9.10E-06,-1.56E-08
8,2,0.220129,0.00983301,0.00145034,0.000163663,-6.18E-09,1.53E-05,-7.95E-08
8,2,0.215527,0.0087479,0.00126839,0.00014935,-1.22E-08,1.33E-05,-6.38E-08
8,2,0.219146,0.00946464,0.00130009,0.000202992,-1.54E-08,1.85E-05,-1.03E-07
8,2,0.217011,0.00979045,0.00125737,0.000161434,1.18E-08,1.40E-05,-7.18E-08
8,2,0.219034,0.010263,0.00130902,0.000127139,-5.98E-09,1.19E-05,-5.15E-08
8,2,0.21792,0.00901432,0.00121247,0.000174974,-2.47E-08,1.53E-05,-7.67E-08
8,2,0.215856,0.00875991,0.00121055,0.000151383,-1.53E-08,1.33E-05,-6.30E-08
8,2,0.214114,0.00843691,0.00130253,0.000124856,-7.06E-09,1.02E-05,-4.99E-08
8,2,0.213765,0.00848388,0.0013584,0.000117347,-5.58E-09,9.66E-06,-4.65E-08
8,2,0.228661,0.0143142,0.00106954,5.82E-05,-1.06E-08,6.94E-06,-9.89E-09
8,2,0.226112,0.0136784,0.00119867,4.42E-05,-3.78E-09,4.96E-06,-9.46E-09
8,2,0.21497,0.00928904,0.00125128,0.000162704,1.20E-08,1.41E-05,-7.24E-08
8,2,0.21825,0.00888633,0.00122956,0.000244246,-1.25E-08,2.15E-05,-1.33E-07
8,2,0.229833,0.0135295,0.00111272,9.10E-05,-2.42E-08,1.06E-05,-1.58E-08
8,2,0.21425,0.00850756,0.00145913,0.000111617,2.13E-09,8.71E-06,-4.50E-08
8,2,0.214653,0.00834351,0.00146533,8.96E-05,-2.08E-08,8.00E-06,-2.49E-08
8,2,0.218852,0.00904967,0.00147361,0.000127302,-2.52E-08,1.15E-05,-4.91E-08
9,2,0.240662,0.0167319,5.83E-07,0.000514283,5.82E-09,6.41E-05,-6.75E-09
9,2,0.241031,0.0157046,2.52E-06,0.000604711,-1.22E-08,7.36E-05,-2.02E-08
9,2,0.23416,0.0147273,1.19E-05,0.000409382,-2.85E-08,4.79E-05,8.34E-10
9,2,0.242637,0.0163201,8.05E-06,0.000606914,-4.23E-08,7.42E-05,-3.21E-09
9,2,0.24196,0.0164345,1.08E-05,0.000535627,-4.05E-08,6.57E-05,-5.22E-09
9,2,0.244533,0.0188174,4.66E-07,0.000532313,-2.60E-09,7.04E-05,-7.97E-09
9,2,0.239348,0.0171756,1.52E-05,0.000440393,1.48E-08,5.33E-05,3.29E-08
9,2,0.243101,0.0188761,5.73E-06,0.00049017,2.59E-08,6.51E-05,1.24E-09
9,2,0.239574,0.0160244,4.42E-05,0.000450963,2.19E-08,5.03E-05,5.98E-08
9,2,0.241227,0.017621,6.56E-05,0.000386457,7.98E-09,4.50E-05,6.10E-08
9,2,0.258921,0.0247439,0.000439271,0.000294069,1.03E-07,1.89E-05,2.55E-08
9,2,0.247372,0.0208184,0.000481731,0.000222356,7.23E-08,8.89E-06,8.40E-09
9,2,0.238485,0.0171266,0.000470084,0.000181831,5.31E-08,3.06E-06,3.23E-09
9,2,0.248723,0.02078,0.000431246,0.000252225,8.12E-08,1.38E-05,1.80E-08
9,2,0.241871,0.0180749,0.000493214,0.000190829,5.84E-08,3.99E-06,-4.10E-09
9,2,0.240645,0.0166794,0.000371744,0.000259722,7.41E-08,1.55E-05,3.19E-08
9,2,0.243897,0.0151567,0.000603797,0.000346643,1.33E-07,2.16E-05,8.71E-08
9,2,0.247278,0.0161499,0.000393658,0.000327045,6.89E-08,2.44E-05,9.50E-08
9,2,0.249722,0.0178578,0.000277628,0.000371814,8.62E-08,2.77E-05,8.27E-08
9,2,0.250833,0.01763,0.000550304,0.000327762,1.31E-07,1.36E-05,4.81E-08
9,2,0.241788,0.0151169,0.000406066,0.000272351,7.78E-08,1.17E-05,4.64E-08
9,2,0.244438,0.0159925,0.000473946,0.000236474,7.05E-08,7.96E-06,3.61E-08
9,2,0.250125,0.0173731,0.000792758,0.000358779,1.91E-07,1.04E-05,1.90E-09
9,2,0.248488,0.0172585,0.000765331,0.000330946,1.67E-07,7.88E-06,-3.87E-09
9,2,0.246776,0.0166179,0.000706761,0.000265487,1.15E-07,3.24E-06,-4.89E-09
9,2,0.248112,0.0177163,0.00068107,0.00024831,1.02E-07,4.28E-06,-3.81E-09
9,2,0.237933,0.0141264,0.000748476,0.000226054,9.23E-08,5.36E-07,-1.10E-08
9,2,0.245565,0.0166125,0.000451822,0.000327106,1.17E-07,1.78E-05,4.61E-08
9,2,0.246019,0.0172815,0.000297268,0.000312019,8.28E-08,1.90E-05,4.66E-08
9,2,0.249006,0.0182581,0.000190861,0.00028106,5.32E-08,1.79E-05,3.75E-08
9,2,0.24237,0.0177896,0.000116633,0.00022411,2.98E-08,1.63E-05,2.06E-08
9,2,0.242244,0.0179367,0.000139054,0.000210124,3.47E-08,1.22E-05,9.30E-09
9,2,0.240372,0.0156199,8.08E-05,0.000313374,3.22E-08,2.62E-05,3.81E-08
9,2,0.241894,0.0158677,7.95E-05,0.000333184,3.47E-08,2.87E-05,4.17E-08
9,2,0.220802,0.00526741,0.000104219,0.00042798,7.47E-08,2.79E-05,5.09E-08
9,2,0.238336,0.0117515,0.000592881,0.000345838,1.43E-07,1.32E-05,6.37E-08
9,2,0.224903,0.00634406,6.89E-05,0.00052362,-4.57E-08,3.66E-05,8.83E-08
9,2,0.221227,0.0064608,5.81E-05,0.000411083,-2.57E-08,3.02E-05,5.81E-08
9,2,0.21532,0.00533413,4.78E-05,0.000345359,3.28E-08,2.22E-05,2.98E-08
9,2,0.222226,0.0045215,8.36E-05,0.000462375,7.54E-08,2.70E-05,5.08E-08
9,2,0.231958,0.00929717,7.05E-05,0.000592283,-7.21E-08,5.30E-05,9.72E-08
9,2,0.239307,0.0129763,0.000112012,0.000567653,-1.43E-07,6.28E-05,1.41E-09
9,2,0.239503,0.0125812,0.000116109,0.000621216,-1.67E-07,6.70E-05,9.85E-09
9,2,0.229369,0.00866559,8.08E-05,0.000560567,-9.73E-08,4.97E-05,6.90E-08
9,2,0.226766,0.00798913,0.00012043,0.000457678,-5.87E-08,3.61E-05,9.00E-08
9,2,0.230212,0.00779754,9.73E-05,0.000565332,-4.38E-08,4.33E-05,1.25E-07
9,2,0.232943,0.00760305,0.000125065,0.000632267,-4.13E-08,4.87E-05,1.73E-07
9,2,0.22579,0.00750794,9.42E-05,0.000492528,1.27E-08,3.79E-05,1.05E-07
9,2,0.224868,0.00673917,5.41E-05,0.000466254,-2.55E-08,3.26E-05,6.95E-08
9,2,0.226046,0.00712579,8.86E-05,0.000451747,-2.72E-08,3.06E-05,8.62E-08
9,2,0.224179,0.00626819,5.50E-05,0.000531254,1.05E-08,3.66E-05,9.02E-08
9,2,0.227886,0.00586817,0.000126523,0.000542168,1.93E-08,3.41E-05,1.41E-07
9,2,0.224613,0.00670181,3.92E-05,0.000528722,2.44E-08,3.88E-05,7.21E-08
9,2,0.227319,0.00653339,5.75E-05,0.00054307,1.93E-10,3.80E-05,9.59E-08
9,2,0.218588,0.00574524,7.61E-05,0.000398149,2.58E-08,2.48E-05,6.43E-08
9,2,0.222587,0.00596936,5.40E-05,0.000471436,-2.25E-08,3.12E-05,7.18E-08
9,2,0.227189,0.00851536,0.00223076,0.000151777,-8.80E-08,-1.27E-05,-7.44E-09
9,2,0.233184,0.0150412,0.00236168,0.000164036,-8.62E-08,-1.97E-05,-5.47E-08
9,2,0.237388,0.0148527,0.00276679,0.000213399,-9.39E-08,-2.27E-05,-1.34E-07
9,2,0.236018,0.015456,0.00241048,0.000198616,-9.08E-08,-2.22E-05,-1.03E-07
9,2,0.233832,0.014109,0.00248993,0.00018754,-4.38E-08,-1.72E-05,-1.20E-07
9,2,0.22887,0.012508,0.00221178,0.00017466,-2.48E-08,-1.42E-05,-1.06E-07
9,2,0.233116,0.0137544,0.00246474,0.000177669,-6.99E-08,-1.85E-05,-9.45E-08
9,2,0.217575,0.00858544,0.00129223,0.000139381,2.49E-08,-4.13E-06,-5.37E-08
9,2,0.221516,0.00943735,0.0012744,0.000146543,3.25E-08,-4.32E-06,-5.44E-08
9,2,0.221978,0.00967428,0.00152882,0.00015171,1.02E-08,-7.65E-06,-7.23E-08
9,2,0.217516,0.00963571,0.00140777,0.000126701,-2.93E-09,-7.45E-06,-5.34E-08
9,2,0.22324,0.00983958,0.00142126,0.000182917,4.86E-08,-4.54E-06,-7.96E-08
9,2,0.22324,0.00983958,0.00142126,0.000182917,4.86E-08,-4.54E-06,-7.96E-08
9,2,0.223308,0.0116426,0.00127997,0.000155709,2.94E-08,-4.07E-06,-6.30E-08
9,2,0.223328,0.0108383,0.00144455,0.000145015,3.86E-09,-8.20E-06,-6.63E-08
9,2,0.220296,0.00986499,0.00110919,0.000144027,1.77E-08,-7.32E-06,-5.48E-08
9,2,0.230058,0.0120471,0.00150001,0.00018886,2.09E-08,-1.09E-05,-9.83E-08
9,2,0.226891,0.0106216,0.00205778,0.000165853,-5.74E-08,-1.59E-05,-7.81E-08
9,2,0.230223,0.01102,0.00221151,0.000187355,-6.46E-08,-1.79E-05,-1.02E-07
9,2,0.228567,0.0118331,0.00224137,0.00017338,-5.99E-08,-1.70E-05,-9.00E-08
9,2,0.229649,0.0116612,0.00196624,0.000158031,-5.91E-08,-1.64E-05,-6.53E-08
9,2,0.226537,0.0116457,0.00208057,0.000160458,-7.02E-08,-1.69E-05,-6.06E-08
9,2,0.225702,0.0109492,0.00160495,0.00017013,-1.33E-08,-1.27E-05,-8.79E-08
9,2,0.226338,0.0101413,0.00187825,0.000192678,-7.89E-09,-1.33E-05,-1.16E-07
9,2,0.225361,0.01075,0.0015455,0.000186617,2.70E-08,-8.62E-06,-9.65E-08
9,2,0.227942,0.0102962,0.00205768,0.000227831,1.75E-08,-1.29E-05,-1.55E-07
9,2,0.226512,0.00946778,0.00181068,0.000209489,2.31E-09,-1.35E-05,-1.29E-07
9,2,0.229193,0.0117805,0.00195936,0.000179429,-4.45E-08,-1.69E-05,-9.66E-08
9,2,0.245819,0.015777,0.00179942,0.000197998,3.52E-08,-1.01E-05,-1.13E-07
9,2,0.223281,0.00903631,0.00160669,0.000204819,5.99E-08,-5.02E-06,-1.01E-07
9,2,0.22503,0.00943324,0.00165975,0.000210827,3.55E-08,-8.34E-06,-1.20E-07
9,2,0.211429,0.00406772,0.000847434,0.000228127,1.00E-07,6.03E-06,-7.24E-09
9,2,0.214331,0.00400898,0.000644293,0.000189607,6.58E-08,4.69E-06,8.05E-09
9,2,0.208514,0.00349263,0.000650058,0.000179052,5.89E-08,5.48E-06,1.62E-08
9,2,0.212703,0.00326292,0.000635011,0.000167949,5.37E-08,5.44E-06,1.12E-08
9,2,0.211595,0.00280562,0.000844468,0.000170578,6.46E-08,3.24E-06,-4.15E-09
9,2,0.210781,0.00299141,0.000862439,0.000136439,4.23E-08,-6.46E-07,-2.01E-08
9,2,0.213427,0.002921,0.0010816,0.000157202,5.64E-08,5.87E-07,-3.19E-08
9,2,0.212969,0.00304895,0.000905712,0.000150605,5.29E-08,9.98E-07,-1.72E-08
9,2,0.213809,0.00324786,0.000959268,0.000136356,4.32E-08,-1.69E-07,-2.37E-08
9,2,0.213661,0.00339537,0.001007,0.000142317,5.16E-08,1.92E-06,-1.55E-08
9,2,0.211082,0.00329337,0.00103975,0.000115816,3.52E-08,-2.55E-07,-1.93E-08
9,2,0.213788,0.00367045,0.00110909,0.000120867,3.72E-08,-5.69E-07,-2.40E-08
9,2,0.215073,0.00356112,0.00112117,0.000160318,6.32E-08,1.14E-06,-2.51E-08
9,2,0.212775,0.0034661,0.00126715,8.09E-05,1.22E-08,-2.26E-06,-2.28E-08
9,2,0.201661,0.00127951,0.000580238,0.000107683,2.67E-08,2.21E-06,3.59E-09
9,2,0.203033,0.00140493,0.00030622,0.000131633,2.49E-08,3.51E-06,8.85E-09
9,2,0.210192,0.0035892,0.00113542,7.63E-05,9.12E-09,-2.39E-06,-2.05E-08
9,2,0.19983,0.00179855,0.000330739,0.000110071,2.03E-08,3.13E-06,5.34E-09
9,2,0.202087,0.00199787,0.000460184,0.000133956,3.19E-08,4.23E-06,9.51E-09
9,2,0.206762,0.00213485,0.000437635,0.000180028,5.03E-08,4.60E-06,4.47E-09
9,2,0.204771,0.00236051,0.000593369,0.000157792,4.80E-08,5.27E-06,4.82E-09
9,2,0.202707,0.00184944,0.000558224,0.000100035,2.35E-08,2.01E-06,2.26E-09
9,2,0.200626,0.00129122,0.000498539,0.000105563,2.39E-08,1.95E-06,3.68E-09
9,2,0.202299,0.00121818,0.000484052,0.000110405,2.42E-08,2.36E-06,8.12E-09
9,2,0.209581,0.00340227,0.00122871,5.87E-05,2.00E-09,-2.82E-06,-1.57E-08
9,2,0.212216,0.00285543,0.00135602,9.17E-05,1.68E-08,-2.54E-06,-2.76E-08
b,0,0.2262,0.0251858,0.00014631,3.59E-05,2.47E-09,4.96E-06,8.17E-10
b,0,0.228239,0.0261285,0.000142465,3.58E-05,2.44E-09,5.18E-06,7.58E-10
b,0,0.22404,0.024085,0.000200565,4.59E-05,4.16E-09,6.32E-06,1.45E-09
b,0,0.223719,0.023543,0.000237855,5.37E-05,5.66E-09,7.31E-06,2.17E-09
b,0,0.230229,0.0266848,0.000197313,5.42E-05,5.53E-09,8.71E-06,9.38E-10
b,0,0.222298,0.0232407,0.000230074,5.50E-05,6.01E-09,7.79E-06,1.48E-09
b,0,0.229379,0.026467,0.000138613,3.54E-05,2.33E-09,5.03E-06,8.66E-10
b,0,0.22422,0.0240398,0.000232098,5.55E-05,6.03E-09,7.87E-06,1.82E-09
b,0,0.225186,0.0244134,0.000184677,4.33E-05,3.63E-09,5.95E-06,1.35E-09
b,0,0.226315,0.0250965,0.000229136,5.79E-05,6.49E-09,8.71E-06,1.50E-09
b,0,0.22079,0.0227598,0.000189102,3.99E-05,3.33E-09,5.36E-06,9.91E-10
f,0,0.231815,0.023791,0.00149864,0.000317114,2.16E-07,4.09E-05,-3.19E-08
f,0,0.232682,0.0241799,0.00155623,0.0003566,2.65E-07,4.92E-05,-2.10E-08
f,0,0.224206,0.020797,0.00154779,0.000323468,2.27E-07,4.12E-05,-2.87E-08
f,0,0.222929,0.0208003,0.00121158,0.000261715,1.46E-07,3.41E-05,-1.61E-08
f,0,0.217273,0.018365,0.00111514,0.000198807,9.16E-08,2.19E-05,-1.94E-08
f,0,0.21899,0.0191504,0.00103747,0.000170787,7.07E-08,2.01E-05,-1.29E-08
f,0,0.221057,0.0193524,0.00155992,0.000313518,2.19E-07,4.04E-05,-1.68E-08
f,0,0.225496,0.022424,0.00118174,0.000291204,1.71E-07,4.11E-05,-9.95E-09
f,0,0.219096,0.0194162,0.00108145,0.000213544,1.01E-07,2.54E-05,-1.65E-08
f,0,0.229704,0.022949,0.00155956,0.000302715,2.04E-07,3.84E-05,-4.01E-08
f,0,0.223839,0.0216591,0.00119859,0.000286271,1.67E-07,3.89E-05,-1.62E-08
f,0,0.269156,0.0434418,0.00162789,0.000389761,2.93E-07,6.10E-05,1.02E-07
f,0,0.265428,0.0414669,0.0016317,0.000416576,3.30E-07,6.70E-05,9.47E-08
f,0,0.260848,0.039543,0.00145944,0.000306586,1.85E-07,3.96E-05,8.87E-08
f,0,0.287963,0.0532618,0.0024503,0.000752441,9.93E-07,0.000144463,2.40E-07
f,0,0.284985,0.0502408,0.00244463,0.000579699,6.59E-07,0.000100457,2.06E-07
f,0,0.280066,0.0491325,0.00193353,0.000552881,5.54E-07,0.000100013,1.43E-07
f,0,0.280462,0.0478998,0.00300203,0.000790138,1.16E-06,0.000133023,3.69E-07
f,0,0.280401,0.0475131,0.00285197,0.00061755,7.51E-07,9.32E-05,3.28E-07
f,0,0.273498,0.0465721,0.000846394,0.000237968,1.05E-07,4.33E-05,2.05E-08
f,0,0.29865,0.0570168,0.00379009,0.000818477,1.25E-06,0.000122137,7.12E-07
good,0,0.255927,0.0321362,0.00135669,0.000211319,1.12E-07,3.53E-05,1.35E-08
good,0,0.254585,0.0313341,0.00139119,0.000211707,1.12E-07,3.26E-05,2.69E-08
good,0,0.252764,0.0307139,0.0013223,0.00022401,1.22E-07,3.80E-05,1.80E-09
good,0,0.256533,0.0328108,0.001064,0.000194187,8.83E-08,3.42E-05,-1.03E-09
good,0,0.260473,0.0344646,0.00137909,0.000283857,1.77E-07,5.23E-05,-1.32E-08
good,0,0.266321,0.0371721,0.00137444,0.000366728,2.54E-07,7.06E-05,-5.66E-08
good,0,0.275527,0.0414262,0.00163528,0.000241072,1.48E-07,4.47E-05,3.09E-08
good,0,0.282289,0.0457627,0.00113334,0.000239581,1.24E-07,5.09E-05,-1.59E-08
good,0,0.285304,0.0467335,0.00104704,0.000220858,1.04E-07,4.77E-05,-2.18E-08
good,0,0.284544,0.046481,0.00107357,0.000265746,1.38E-07,5.72E-05,-3.30E-08
good,0,0.279891,0.0440759,0.00120606,0.000315035,1.90E-07,6.61E-05,-3.83E-08
good,0,0.284398,0.0467564,0.00164681,0.000291426,1.98E-07,5.78E-05,4.07E-08
good,0,0.287332,0.0481051,0.00173356,0.000225005,1.25E-07,3.95E-05,6.35E-08
good,0,0.287869,0.0491268,0.00185872,0.000362359,2.91E-07,7.32E-05,6.10E-08
good,0,0.201865,0.00613174,0.00306055,9.76E-05,-5.32E-08,-6.73E-06,4.40E-09
good,0,0.194777,0.00463549,0.00247602,7.22E-05,-2.38E-08,-4.88E-06,-1.91E-08
good,0,0.197807,0.00567115,0.00243142,9.70E-05,-1.77E-08,-6.38E-06,-4.37E-08
good,0,0.203902,0.00667354,0.00310256,8.64E-05,-4.37E-08,-6.88E-06,-9.86E-09
good,0,0.199834,0.00618386,0.00260736,7.12E-05,-2.27E-08,-5.56E-06,-2.06E-08
good,0,0.20126,0.00686038,0.00253532,6.47E-05,-2.59E-08,-4.97E-06,-3.94E-09
good,0,0.201762,0.00647999,0.00274245,0.000101021,-1.95E-08,-7.31E-06,-4.95E-08
good,0,0.204952,0.00736122,0.0029792,9.21E-05,-3.92E-08,-7.90E-06,-2.81E-08
good,0,0.203465,0.00653505,0.00297136,9.63E-05,-3.24E-08,-7.57E-06,-4.00E-08
good,0,0.201566,0.00652697,0.00279971,7.89E-05,-3.31E-08,-6.35E-06,-1.67E-08
good,0,0.205427,0.00781221,0.00303694,0.000116546,-4.48E-08,-9.77E-06,-5.29E-08
good,0,0.207263,0.0078772,0.00321233,0.000107607,-3.50E-08,-8.90E-06,-5.27E-08
good,0,0.203633,0.00731904,0.00271212,8.17E-05,-2.30E-08,-6.67E-06,-3.09E-08
good,0,0.202692,0.00691123,0.00247491,9.68E-05,-1.29E-08,-7.06E-06,-4.56E-08
good,0,0.206823,0.00842612,0.00277695,9.05E-05,-2.45E-08,-7.84E-06,-3.81E-08
good,0,0.204667,0.00772386,0.00267337,6.95E-05,-2.82E-08,-6.01E-06,-1.02E-08
good,0,0.199638,0.00759697,0.00186372,4.44E-05,-1.28E-08,-3.39E-06,4.34E-10
good,0,0.204503,0.00728624,0.00272642,8.17E-05,-1.76E-08,-6.53E-06,-3.43E-08
good,0,0.202939,0.00753189,0.00232138,5.84E-05,-2.01E-08,-4.93E-06,-7.75E-09
good,0,0.208496,0.00897174,0.00291379,9.97E-05,-4.55E-08,-9.43E-06,-2.86E-08
good,0,0.203586,0.00837688,0.00222886,7.83E-05,-2.22E-08,-6.95E-06,-2.41E-08
good,0,0.206721,0.00818538,0.00271592,9.21E-05,-3.11E-08,-8.17E-06,-3.39E-08
good,0,0.20581,0.00822237,0.00278523,9.05E-05,-3.93E-08,-8.20E-06,-2.28E-08
good,0,0.202742,0.00796272,0.00230155,6.93E-05,-2.73E-08,-6.03E-06,-4.34E-09
good,0,0.207014,0.010825,0.00178389,9.67E-05,3.55E-08,8.25E-06,1.88E-08
good,0,0.209239,0.0107949,0.00204896,7.36E-05,-1.24E-09,-5.45E-07,2.85E-08
good,0,0.213418,0.0114069,0.00232851,8.07E-05,7.07E-09,1.27E-06,3.43E-08
good,0,0.214914,0.0118577,0.00262098,0.000105784,1.23E-09,-2.38E-07,5.57E-08
good,0,0.211856,0.0108958,0.00253506,7.60E-05,-2.97E-08,-6.12E-06,1.51E-08
good,0,0.213337,0.0116381,0.00271857,9.89E-05,-2.51E-08,-4.49E-06,4.47E-08
good,0,0.208428,0.0101615,0.00259131,9.99E-05,-1.00E-10,-6.59E-07,5.08E-08
good,0,0.213872,0.0114173,0.00283949,0.000106993,-1.39E-08,-2.82E-06,5.73E-08
good,0,0.213144,0.0113782,0.00277253,0.00011372,-4.97E-09,-1.07E-06,6.37E-08
good,0,0.214384,0.0114671,0.00283543,0.00010448,-1.53E-08,-2.22E-06,5.48E-08
good,0,0.213903,0.0113919,0.00273255,0.000113541,1.48E-08,2.47E-06,6.15E-08
good,0,0.212495,0.0105651,0.0028948,9.53E-05,-1.52E-08,-2.23E-06,4.77E-08
good,0,0.210313,0.0105186,0.00239955,7.71E-05,-1.20E-08,-2.30E-06,3.09E-08
good,0,0.210908,0.0104347,0.00267086,9.23E-05,-1.60E-08,-3.05E-06,4.30E-08
good,0,0.209876,0.0106024,0.0024424,7.73E-05,-2.25E-08,-4.20E-06,2.49E-08
good,0,0.21241,0.0120536,0.00238374,9.84E-05,-1.93E-08,-3.35E-06,4.36E-08
good,0,0.214358,0.0121088,0.00238337,7.73E-05,-8.95E-09,-1.52E-06,3.19E-08
good,0,0.213731,0.0118339,0.00237984,7.22E-05,-2.05E-08,-4.46E-06,2.18E-08
good,0,0.211595,0.0118461,0.00206759,6.86E-05,-7.36E-09,-1.82E-06,2.48E-08
good,0,0.284267,0.0461517,0.00284723,0.000372798,2.84E-07,5.23E-05,2.59E-07
good,0,0.282497,0.0459212,0.00217355,0.000342817,2.73E-07,6.39E-05,1.13E-07
good,0,0.288576,0.048438,0.00265731,0.000341871,2.17E-07,4.33E-05,2.43E-07
good,0,0.28739,0.048209,0.00255923,0.000334854,2.23E-07,4.64E-05,2.16E-07
good,0,0.285773,0.0477766,0.00225143,0.000303872,2.07E-07,4.94E-05,1.42E-07
good,0,0.288959,0.0492792,0.00239008,0.000310569,2.03E-07,4.68E-05,1.74E-07
good,0,0.290199,0.0510572,0.00197146,0.000324494,2.31E-07,6.01E-05,1.18E-07
good,0,0.294195,0.0528369,0.00182482,0.000233503,1.13E-07,3.54E-05,1.02E-07
good,0,0.268511,0.0377993,0.00271323,0.000300501,1.90E-07,3.63E-05,1.93E-07
good,0,0.268747,0.0376973,0.00268257,0.000268781,1.43E-07,2.93E-05,1.78E-07
good,0,0.295076,0.0523405,0.00213026,0.000271945,1.70E-07,4.56E-05,1.18E-07
good,0,0.261771,0.0350857,0.00245261,0.000306577,2.22E-07,4.31E-05,1.47E-07
good,0,0.267862,0.0373103,0.00263276,0.000306069,2.12E-07,4.07E-05,1.75E-07
good,0,0.264897,0.0364417,0.00222547,0.00018687,5.24E-08,1.40E-05,1.08E-07
k,0,0.259147,0.0366291,0.00179831,0.000248419,1.03E-07,4.35E-06,1.30E-07
k,0,0.263995,0.038898,0.00182991,0.000295346,1.60E-07,1.37E-05,1.46E-07
k,0,0.268448,0.0413496,0.0019318,0.00034712,2.28E-07,2.24E-05,1.70E-07
k,0,0.265375,0.0395164,0.00196793,0.000250502,8.49E-08,-2.11E-06,1.54E-07
k,0,0.259143,0.036249,0.00193201,0.000286881,1.51E-07,1.01E-05,1.51E-07
k,0,0.258031,0.0361138,0.00188949,0.000264664,1.13E-07,4.46E-06,1.49E-07
k,0,0.253147,0.0337239,0.00172411,0.000231196,9.02E-08,2.43E-06,1.15E-07
k,0,0.264245,0.0386332,0.0023097,0.000364359,2.34E-07,1.32E-05,2.39E-07
k,0,0.262533,0.0377345,0.00221136,0.000316565,1.71E-07,7.27E-06,2.02E-07
k,0,0.262135,0.0375031,0.00223954,0.000336304,2.05E-07,1.27E-05,2.08E-07
k,0,0.264913,0.0398811,0.00172316,0.000326308,2.11E-07,2.79E-05,1.23E-07
k,0,0.262774,0.0392472,0.00155635,0.00036481,2.58E-07,4.19E-05,9.52E-08
k,0,0.265588,0.040854,0.0017905,0.000370376,2.61E-07,3.50E-05,1.51E-07
k,0,0.261442,0.0371435,0.0021008,0.000340274,2.30E-07,2.05E-05,1.72E-07
k,0,0.259715,0.0359196,0.00255973,0.000450818,3.63E-07,2.49E-05,3.21E-07
k,0,0.259387,0.0358159,0.00271059,0.000492593,4.28E-07,3.20E-05,3.75E-07
k,0,0.260283,0.0369952,0.00234022,0.000505015,4.72E-07,4.84E-05,2.80E-07
k,0,0.260122,0.0370305,0.0020934,0.000469809,4.19E-07,5.11E-05,2.03E-07
k,0,0.283138,0.0476646,0.00305341,0.000292862,-2.73E-08,-3.33E-05,2.76E-07
k,0,0.274585,0.0438898,0.00244706,0.000251795,2.30E-08,-1.99E-05,1.96E-07
k,0,0.276886,0.0448465,0.00259266,0.000281963,4.71E-08,-1.92E-05,2.36E-07
k,0,0.280415,0.046636,0.00270535,0.000329381,1.20E-07,-1.05E-05,2.87E-07
k,0,0.274138,0.0440411,0.00222089,0.00023025,2.41E-08,-1.69E-05,1.63E-07
k,0,0.281067,0.0476087,0.00230576,0.000221439,-4.44E-09,-2.31E-05,1.58E-07
k,0,0.27421,0.0441323,0.00225769,0.000226103,2.39E-09,-2.10E-05,1.62E-07
k,0,0.273211,0.0427884,0.00268228,0.00028626,5.03E-08,-1.82E-05,2.46E-07
k,0,0.275813,0.0439206,0.00270065,0.000234486,-3.82E-08,-2.98E-05,1.83E-07
k,0,0.279386,0.0456793,0.00305878,0.00025029,-1.22E-07,-4.30E-05,1.82E-07
k,0,0.273029,0.0430992,0.00244911,0.00033567,1.64E-07,-1.20E-06,2.56E-07
k,0,0.25056,0.0344169,0.00133509,0.000545569,4.66E-07,9.77E-05,6.79E-09
k,0,0.242883,0.0303906,0.00164221,0.000639559,6.55E-07,0.000110446,-8.91E-10
k,0,0.248391,0.0330281,0.00166216,0.000714972,7.79E-07,0.000128251,-1.58E-08
k,0,0.253443,0.0352699,0.00205997,0.000874268,1.17E-06,0.000161668,-5.47E-09
k,0,0.25801,0.03788,0.00169591,0.000713793,7.85E-07,0.00013496,1.42E-08
k,0,0.246483,0.0321798,0.00164171,0.000659799,6.87E-07,0.000116029,1.44E-09
k,0,0.246957,0.0317592,0.00193059,0.000713911,8.38E-07,0.000122329,2.86E-08
k,0,0.24016,0.0293322,0.00110872,0.000481795,3.50E-07,8.10E-05,-4.20E-08
k,0,0.23046,0.0244677,0.00130054,0.000485913,3.83E-07,7.52E-05,-5.04E-08
k,0,0.244909,0.0311605,0.00102776,0.000453178,3.06E-07,7.47E-05,-4.49E-08
k,0,0.236364,0.0272608,0.000768485,0.000334721,1.67E-07,5.09E-05,-3.07E-08
k,0,0.236252,0.0278261,0.000584208,0.000244582,9.06E-08,3.68E-05,-1.85E-08
k,0,0.235851,0.0273353,0.000843157,0.000367581,2.03E-07,5.80E-05,-2.93E-08
k,0,0.23205,0.0248138,0.00146548,0.000568624,5.18E-07,8.95E-05,-2.64E-08
k,0,0.2365,0.0269123,0.00160163,0.000646191,6.56E-07,0.000106007,-3.87E-08
k,0,0.230171,0.0244893,0.000961336,0.000419942,2.65E-07,6.47E-05,-2.70E-08
k,0,0.245987,0.0320275,0.00071533,0.000343912,1.70E-07,6.05E-05,-7.23E-09
y,0,0.200174,0.000253642,0.00355011,0.0002029,-1.56E-07,3.20E-06,7.31E-08
y,0,0.19957,0.000239559,0.00348496,0.000285136,-7.78E-08,4.27E-06,2.73E-07
y,0,0.194454,3.27E-05,0.00270728,0.000199215,-1.09E-07,1.14E-06,9.72E-08
y,0,0.194881,0.00073145,0.00311511,7.93E-05,-2.10E-08,2.10E-06,3.33E-08
y,0,0.198229,0.000566944,0.00356883,0.000129004,-2.24E-08,2.91E-06,8.46E-08
y,0,0.201368,0.000657758,0.0038218,0.000218344,-8.22E-09,5.47E-06,1.99E-07
y,0,0.201248,0.000461457,0.00372576,0.000195399,-7.53E-08,4.18E-06,1.49E-07
y,0,0.195747,0.000549621,0.00317141,0.000101603,-4.53E-08,2.26E-06,3.57E-08
y,0,0.196571,0.000788221,0.0031615,0.00011539,-3.21E-08,3.19E-06,6.19E-08
y,0,0.208378,0.000754837,0.00553493,0.00022496,2.27E-09,6.16E-06,2.51E-07
y,0,0.203088,7.47E-05,0.00492497,0.00017404,-1.48E-07,1.25E-06,6.33E-08
y,0,0.201568,0.00151943,0.00447746,2.12E-05,-4.77E-09,7.47E-07,4.47E-09
y,0,0.193108,2.60E-05,0.0035814,0.000112533,-5.07E-08,4.12E-07,5.03E-08
6,1,0.215862,0.011035,0.000131908,0.00013317,-3.74591e-009,1.1825e-005,-1.72479e-008,
6,2,0.235575,0.0159375,2.47641e-005,0.00034975,-3.25485e-008,4.31793e-005,-2.89696e-010,
6,2,0.231514,0.0152389,4.49784e-005,0.000216556,-1.54288e-008,2.57968e-005,-1.47899e-008,
6,1,0.222788,0.0117613,0.000135917,0.000288139,4.8241e-008,2.44016e-005,-3.04019e-008,
6,1,0.222037,0.0109548,0.000171322,0.000332887,7.42892e-008,2.92136e-005,-2.83002e-008,
6,1,0.22574,0.0104011,0.000460238,0.000413416,1.53751e-007,3.26203e-005,-9.42349e-008,
6,1,0.210761,0.00742572,0.000213646,0.000247439,3.28625e-008,1.9472e-005,-4.64406e-008,
6,1,0.212374,0.00720949,7.68979e-005,0.000315802,3.99216e-008,2.50136e-005,-2.87782e-008,
6,2,0.208592,0.0063704,0.000197344,0.000248872,3.61411e-008,1.89646e-005,-4.16627e-008,
6,1,0.216587,0.00672373,0.000465262,0.000471553,2.11423e-007,3.38493e-005,-6.39182e-008,
6,2,0.216374,0.00732276,0.000137051,0.000279663,2.67667e-008,2.25647e-005,-4.77623e-008,
6,2,0.223135,0.00893469,3.60107e-005,0.000419711,3.04921e-008,3.91874e-005,-4.16255e-008,
6,2,0.221687,0.00916921,0.000212304,0.000330006,1.05348e-008,3.08919e-005,-8.67123e-008,
6,2,0.229706,0.00901117,0.000389588,0.000502521,1.39482e-007,4.17069e-005,-1.73157e-007,
6,2,0.209144,0.00576636,0.000212933,0.000303127,6.7241e-008,2.2508e-005,-3.7543e-008,
0,0,0.217452,0.0188583,0.00158426,0.000377734,2.91932e-007,5.1583e-005,-1.26877e-008,
0,0,0.217237,0.0185531,0.00162323,0.00036181,2.76622e-007,4.88918e-005,-1.9008e-008,
0,0,0.211705,0.0159847,0.00161513,0.000344125,2.55095e-007,4.28916e-005,-2.7306e-008,
0,0,0.239657,0.0264542,0.00248985,0.000746663,1.01583e-006,0.000121257,6.73542e-008,
0,0,0.222144,0.0204768,0.00192202,0.000451811,4.20382e-007,6.39583e-005,-2.33448e-008,
0,0,0.176796,0.00513012,0.000224229,1.17993e-005,4.17585e-010,4.62203e-007,-4.40422e-010,
0,0,0.224607,0.0214861,0.0019568,0.000457434,4.32385e-007,6.7041e-005,1.84621e-008,
f,0,0.212815,0.0158809,0.00089027,7.73955e-005,1.35118e-008,1.2897e-006,-1.51711e-008,
f,0,0.20382,0.0129898,0.000711588,0.00015302,5.04373e-008,1.65786e-005,2.3812e-009,
f,0,0.213475,0.0129691,0.00279424,0.000133654,-8.0919e-008,-1.49959e-005,1.11098e-008,
1,0,0.233713,0.00678801,0.0110448,0.00202202,9.55401e-006,0.000163843,1.74039e-007,
1,0,0.236,0.00821166,0.00991785,0.0022842,1.08687e-005,0.000205893,2.67226e-007,
1,0,0.264035,0.0111896,0.0169727,0.00312587,2.22967e-005,0.000330633,4.61012e-006,
1,0,0.269584,0.0147998,0.0164675,0.00353743,2.63163e-005,0.000430174,6.03226e-006,
1,0,0.236425,0.00911501,0.00977381,0.00238969,1.15401e-005,0.00022795,4.54114e-007,
1,0,0.230694,0.00910198,0.00842635,0.00208364,8.65262e-006,0.000196761,1.16595e-006,
1,0,0.268684,0.0125111,0.016409,0.00389478,2.91275e-005,0.000426646,1.10024e-005,
1,0,0.268174,0.0133128,0.0161541,0.00365947,2.67195e-005,0.000417868,8.81595e-006,
1,0,0.248889,0.0115761,0.0137033,0.00329921,2.21668e-005,0.000354487,8.56237e-007,
1,0,0.243729,0.0102519,0.0118343,0.00276175,1.57448e-005,0.000278894,1.17659e-006,
1,0,0.21855,0.0066698,0.00621755,0.00133306,3.8378e-006,0.000108463,-4.22458e-009,
1,0,0.222705,0.00651788,0.00724304,0.0012328,3.68178e-006,8.96088e-005,-1.22699e-007,
1,0,0.230725,0.0133036,0.00479161,0.00143979,3.65375e-006,0.000155625,9.75459e-007,
1,0,0.227945,0.013439,0.0039493,0.00135408,2.97702e-006,0.000152977,9.70803e-007,
1,0,0.238696,0.010438,0.0106772,0.00203009,9.44241e-006,0.000202209,4.1446e-007,
1,0,0.250444,0.0122973,0.0132276,0.0026721,1.588e-005,0.000292875,-4.42909e-007,
1,0,0.206883,0.00445009,0.00501897,0.000738277,1.41928e-006,4.91849e-005,7.2719e-008,
1,0,0.206102,0.00460367,0.00460696,0.000843814,1.658e-006,5.49164e-005,-1.3769e-007,